UserId,UserUserName,UserPassword,UserName,UserGender,UserEmail,UserLastLogin,UserContact,UserAge
1,Lynn,123,Lyn,none,lyn@example.com,null,01122223333,20
2,angel,123,angel,female,angel@example.com,1685469741,0333322232,19
3,jh,123,jh,male,jh@email.com,null,3333252350,20
4,David,abc,David Brown,Male,davidbrown@example.com,1685471630,2352345260,29
5,Sarah,def,Sarah Johnson,Female,sarahjohns@example.com,1685471677,32634236320,37
6,Michael,xyz,Michael Wilson,Male,michaelwil@example.com,1685471727,36366457560,43
7,Emily,uvw,Emily Davis,Female,emilydavis@example.com,null,05325325664,24
8,James,ijk,James Miller,Male,jamesmiller@example.com,null,06454346464,52
9,Olivia,lmn,Olivia Ander,Female,oliviaan@example.com,1685471991,06436456747,48
10,William,pqr,William Marti,Male,williammartinez@example.com,null,0743747747,30
11,Ava,stuv,Ava Taylor,Female,avataylor@example.com,1685471749,0577454634,35
12,Alexand,fgh,Alexand Thomas,Male,alexander@example.com,null,0422564356,27
13,Charlot,cde,Charlot Lee,Female,charlottelee@example.com,null,0424245253,39
14,Mason,rst,Mason Garcia,Male,masongarcia@example.com,null,04242141244,33
15,Sophia,opq,Sophia Hernand,Female,sophiaher@example.com,null,0441214214,46
16,Logan,ghi,Logan Wilson,Male,loganwilson@example.com,null,0636326245,28
17,Grace,bcd,Grace Taylor,Female,gracetaylor@example.com,1685471915,02367713424,36
18,Aiden,efg,Aiden Parker,Male,aidenparker@example.com,1685471890,4124124210,42
19,Ella,klm,Ella Lewis,Female,ellalewis@example.com,null,3345456620,26
20,Jacob,stu,Jacob Clark,Male,jacobclark@example.com,1685471790,57356375750,31
